Simulação,Pkm_1_0_1,prec,Pkm_2_0_1,prec,Pkm_3_0_1,prec,Qkm_1_0_1,prec,Qkm_2_0_1,prec,Qkm_3_0_1,prec,V_1_0_-1,prec,V_2_0_-1,prec,V_3_0_-1,prec,time_stamp
0,2000.0000000,0.2,1900.0000000,0.2,2000.0000000,0.2,800.0000,0.2,700.0000,0.2,800.0000,0.2,19.918584287,0.2,19.918584287,0.2,19.918584287,0.2,11112
1,2001.0000000,0.2,1901.0000000,0.2,2001.0000000,0.2,801.0000,0.2,701.0000,0.2,801.0000,0.2,19.918584287,0.2,19.918584287,0.2,19.918584287,0.2,11213
2,2002.0000000,0.2,1902.0000000,0.2,2002.0000000,0.2,802.0000,0.2,702.0000,0.2,802.0000,0.2,19.918584287,0.2,19.918584287,0.2,19.918584287,0.2,11314
3,2003.0000000,0.2,1903.0000000,0.2,2003.0000000,0.2,803.0000,0.2,703.0000,0.2,803.0000,0.2,19.918584287,0.2,19.918584287,0.2,19.918584287,0.2,11415
